Date,Not indexed,Indexed,Impressions
2026-07-11,,,99
2026-07-12,,,99
2026-07-13,,,107
2026-07-14,,,140
2026-07-15,,,118
2026-07-16,,,91
2026-07-17,,,86
2026-07-18,,,106
2026-07-19,,,178
2026-07-20,,,92
2026-07-21,,,100
2026-07-22,,,82
2026-07-23,,,85
2026-07-24,29,33,85
2026-07-25,29,32,85
2026-07-26,29,32,116
2026-07-27,29,32,104
2026-07-28,29,32,130
2026-07-29,29,32,105
2026-07-30,29,32,141
2026-07-31,29,32,133
2026-08-01,29,32,114
2026-08-02,29,32,124
2026-08-03,29,32,130
2026-08-04,29,32,133
2026-08-05,29,32,122
2026-08-06,29,32,142
2026-08-07,29,32,117
2026-08-08,26,32,102
2026-08-09,26,32,149
2026-08-10,26,32,151
2026-08-11,26,31,141
2026-08-12,26,31,142
2026-08-13,26,31,133
2026-08-14,26,31,147
2026-08-15,27,32,119
2026-08-16,27,32,137
2026-08-17,27,32,150
2026-08-18,21,34,129
2026-08-19,21,34,141
2026-08-20,21,34,146
2026-08-21,21,34,157
2026-08-22,21,33,132
2026-08-23,21,33,155
2026-08-24,21,33,120
2026-08-25,21,33,133
2026-08-26,21,33,123
2026-08-27,21,33,141
2026-08-28,21,33,119
2026-08-29,22,32,116
2026-08-30,22,32,127
2026-08-31,22,32,137
2026-09-01,22,32,138
2026-09-02,22,32,128
2026-09-03,22,32,130
2026-09-04,22,32,144
2026-09-05,20,32,121
2026-09-06,20,32,131
2026-09-07,20,32,118
2026-09-08,20,32,151
2026-09-09,20,32,131
2026-09-10,20,32,126
2026-09-11,20,32,123
2026-09-12,20,32,128
2026-09-13,20,32,146
2026-09-14,20,32,122
2026-09-15,20,32,89
2026-09-16,20,32,106
2026-09-17,20,32,74
2026-09-18,20,32,113
2026-09-19,21,31,100
2026-09-20,21,31,121
2026-09-21,21,31,124
2026-09-22,83,27,83
2026-09-23,83,27,77
2026-09-24,83,27,96
2026-09-25,83,27,85
2026-09-26,83,27,92
2026-09-27,83,27,99
2026-09-28,83,27,77
2026-09-29,83,27,71
2026-09-30,83,27,75
2026-10-01,83,27,99
2026-10-02,83,27,78
2026-10-03,83,27,85
2026-10-04,83,27,80